URLs,Retrived date
https://pantip.com/topic/39868603,2020-10-16 12:37:25.907184
https://pantip.com/topic/39597709,2020-10-16 12:37:25.907184
https://pantip.com/topic/39747201,2020-10-16 12:37:25.907184
https://pantip.com/topic/39732615,2020-10-16 12:37:25.907184
https://pantip.com/topic/39005469,2020-10-16 12:37:25.907184
https://pantip.com/topic/39928742,2020-10-16 12:37:25.907184
https://pantip.com/topic/39578663,2020-10-16 12:37:25.907184
https://pantip.com/topic/38836146,2020-10-16 12:37:25.907184
https://pantip.com/topic/40190870,2020-10-16 12:37:25.907184
https://pantip.com/topic/39151811,2020-10-16 12:37:25.907184
https://pantip.com/topic/39975832,2020-10-16 12:37:25.907184
https://pantip.com/topic/39905450,2020-10-16 12:37:25.907184
https://pantip.com/topic/39874488,2020-10-16 12:37:25.907184
https://pantip.com/topic/40066634,2020-10-16 12:37:25.907184
https://pantip.com/topic/39673451,2020-10-16 12:37:25.907184
https://pantip.com/topic/39430829,2020-10-16 12:37:25.907184
https://pantip.com/topic/39414728,2020-10-16 12:37:25.907184
https://pantip.com/topic/39099897,2020-10-16 12:37:25.907184
https://pantip.com/topic/38412845,2020-10-16 12:37:25.907184
https://pantip.com/topic/39239769,2020-10-16 12:37:25.907184
https://pantip.com/topic/39503229,2020-10-16 12:37:25.907184
https://pantip.com/topic/39038785,2020-10-16 12:37:25.907184
https://pantip.com/topic/39689189,2020-10-16 12:37:25.907184
https://pantip.com/topic/39196885,2020-10-16 12:37:25.907184
https://pantip.com/topic/39979138,2020-10-16 12:37:25.907184
https://pantip.com/topic/39183141,2020-10-16 12:37:25.907184
https://pantip.com/topic/39630992,2020-10-16 12:37:25.907184
https://pantip.com/topic/39276934,2020-10-16 12:37:25.907184
https://pantip.com/topic/39123157,2020-10-16 12:37:25.907184
https://pantip.com/topic/38573978,2020-10-16 12:37:25.907184
https://pantip.com/topic/39400735,2020-10-16 12:37:25.907184
https://pantip.com/topic/39990528,2020-10-16 12:37:25.907184
https://pantip.com/topic/39216681,2020-10-16 12:37:25.907184
https://pantip.com/topic/39266341,2020-10-16 12:37:25.907184
https://pantip.com/topic/38967410,2020-10-16 12:37:25.907184
https://pantip.com/topic/38034985,2020-10-16 12:37:25.907184
https://pantip.com/topic/38942098,2020-10-16 12:37:25.907184
https://pantip.com/topic/40161508,2020-10-16 12:37:25.907184
https://pantip.com/topic/39543319,2020-10-16 12:37:25.907184
https://pantip.com/topic/39015262,2020-10-16 12:37:25.907184
https://pantip.com/topic/39980850,2020-10-16 12:37:25.907184
https://pantip.com/topic/39559017,2020-10-16 12:37:25.907184
https://pantip.com/topic/38805262,2020-10-16 12:37:25.907184
https://pantip.com/topic/39550678,2020-10-16 12:37:25.907184
https://pantip.com/topic/38009531,2020-10-16 12:37:25.907184
https://pantip.com/topic/38748659,2020-10-16 12:37:25.907184
https://pantip.com/topic/39764613,2020-10-16 12:37:25.907184
https://pantip.com/topic/39132158,2020-10-16 12:37:25.907184
https://pantip.com/topic/39304989,2020-10-16 12:37:25.907184
https://pantip.com/topic/40076173,2020-10-16 12:37:25.907184
https://pantip.com/topic/39437622,2020-10-16 12:37:25.907184
https://pantip.com/topic/39335919,2020-10-16 12:37:25.907184
https://pantip.com/topic/38812798,2020-10-16 12:37:25.907184
https://pantip.com/topic/38762208,2020-10-16 12:37:25.907184
https://pantip.com/topic/39118755,2020-10-16 12:37:25.907184
https://pantip.com/topic/38916054,2020-10-16 12:37:25.907184
https://pantip.com/topic/39941658,2020-10-16 12:37:25.907184
https://pantip.com/topic/38630508,2020-10-16 12:37:25.907184
https://pantip.com/topic/39973614,2020-10-16 12:37:25.907184
https://pantip.com/topic/39711976,2020-10-16 12:37:25.907184
https://pantip.com/topic/39284045,2020-10-16 12:37:25.907184
https://pantip.com/topic/38642086,2020-10-16 12:37:25.907184
https://pantip.com/topic/38936992,2020-10-16 12:37:25.907184
https://pantip.com/topic/39277164,2020-10-16 12:37:25.907184
https://pantip.com/topic/39888855,2020-10-16 12:37:25.907184
https://pantip.com/topic/39836026,2020-10-16 12:37:25.907184
https://pantip.com/topic/39046916,2020-10-16 12:37:25.907184
https://pantip.com/topic/38834045,2020-10-16 12:37:25.907184
https://pantip.com/topic/38403815,2020-10-16 12:37:25.907184
https://pantip.com/topic/38304954,2020-10-16 12:37:25.907184
https://pantip.com/topic/39023663,2020-10-16 12:37:25.907184
https://pantip.com/topic/37875714,2020-10-16 12:37:25.907184
https://pantip.com/topic/38384652,2020-10-16 12:37:25.907184
https://pantip.com/topic/38911626,2020-10-16 12:37:25.907184
https://pantip.com/topic/38443558,2020-10-16 12:37:25.907184
https://pantip.com/topic/39255311,2020-10-16 12:37:25.907184
https://pantip.com/topic/38482599,2020-10-16 12:37:25.907184
https://pantip.com/topic/38423973,2020-10-16 12:37:25.907184
https://pantip.com/topic/38797096,2020-10-16 12:37:25.907184
https://pantip.com/topic/38501953,2020-10-16 12:37:25.907184
https://pantip.com/topic/39026512,2020-10-16 12:37:25.907184
https://pantip.com/topic/39193985,2020-10-16 12:37:25.907184
https://pantip.com/topic/38253611,2020-10-16 12:37:25.907184
https://pantip.com/topic/38403236,2020-10-16 12:37:25.907184
https://pantip.com/topic/38312290,2020-10-16 12:37:25.907184
https://pantip.com/topic/38284481,2020-10-16 12:37:25.907184
https://pantip.com/topic/38436519,2020-10-16 12:37:25.907184
https://pantip.com/topic/38174281,2020-10-16 12:37:25.907184
https://pantip.com/topic/38210391,2020-10-16 12:37:25.907184
https://pantip.com/topic/38134334,2020-10-16 12:37:25.907184
https://pantip.com/topic/38561272,2020-10-16 12:37:25.907184
https://pantip.com/topic/38034607,2020-10-16 12:37:25.907184
https://pantip.com/topic/38151004,2020-10-16 12:37:25.907184
https://pantip.com/topic/38186055,2020-10-16 12:37:25.907184
https://pantip.com/topic/38646257,2020-10-16 12:37:25.907184
https://pantip.com/topic/38479026,2020-10-16 12:37:25.907184
https://pantip.com/topic/38463599,2020-10-16 12:37:25.907184
https://pantip.com/topic/38404206,2020-10-16 12:37:25.907184
https://pantip.com/topic/39015826,2020-10-16 12:37:25.907184
https://pantip.com/topic/38214213,2020-10-16 12:37:25.907184
https://pantip.com/topic/37482301,2020-10-16 12:37:25.907184
https://pantip.com/topic/37736196,2020-10-16 12:37:25.907184
https://pantip.com/topic/38127492,2020-10-16 12:37:25.907184
https://pantip.com/topic/38742493,2020-10-16 12:37:25.907184
https://pantip.com/topic/38441251,2020-10-16 12:37:25.907184
https://pantip.com/topic/38624232,2020-10-16 12:37:25.907184
https://pantip.com/topic/37923366,2020-10-16 12:37:25.907184
https://pantip.com/topic/38791751,2020-10-16 12:37:25.907184
https://pantip.com/topic/37647687,2020-10-16 12:37:25.907184
https://pantip.com/topic/38128721,2020-10-16 12:37:25.907184
https://pantip.com/topic/38238458,2020-10-16 12:37:25.907184
https://pantip.com/topic/37887289,2020-10-16 12:37:25.907184
https://pantip.com/topic/38266420,2020-10-16 12:37:25.907184
https://pantip.com/topic/38317447,2020-10-16 12:37:25.907184
https://pantip.com/topic/37860322,2020-10-16 12:37:25.907184
https://pantip.com/topic/38091490,2020-10-16 12:37:25.907184
https://pantip.com/topic/37941073,2020-10-16 12:37:25.907184
https://pantip.com/topic/37500460,2020-10-16 12:37:25.907184
https://pantip.com/topic/38059743,2020-10-16 12:37:25.907184
https://pantip.com/topic/37979986,2020-10-16 12:37:25.907184
https://pantip.com/topic/38071167,2020-10-16 12:37:25.907184
https://pantip.com/topic/37213067,2020-10-16 12:37:25.907184
https://pantip.com/topic/37935286,2020-10-16 12:37:25.907184
https://pantip.com/topic/37862524,2020-10-16 12:37:25.907184
https://pantip.com/topic/38574755,2020-10-16 12:37:25.907184
https://pantip.com/topic/37933589,2020-10-16 12:37:25.907184
https://pantip.com/topic/37820409,2020-10-16 12:37:25.907184
https://pantip.com/topic/37881935,2020-10-16 12:37:25.907184
https://pantip.com/topic/37637725,2020-10-16 12:37:25.907184
https://pantip.com/topic/38052646,2020-10-16 12:37:25.907184
https://pantip.com/topic/38019018,2020-10-16 12:37:25.907184
https://pantip.com/topic/37690299,2020-10-16 12:37:25.907184
https://pantip.com/topic/37920879,2020-10-16 12:37:25.907184
https://pantip.com/topic/37705388,2020-10-16 12:37:25.907184
https://pantip.com/topic/37705384,2020-10-16 12:37:25.907184
https://pantip.com/topic/37811070,2020-10-16 12:37:25.907184
https://pantip.com/topic/38167789,2020-10-16 12:37:25.907184
https://pantip.com/topic/37909721,2020-10-16 12:37:25.907184
https://pantip.com/topic/37806943,2020-10-16 12:37:25.907184
https://pantip.com/topic/37923185,2020-10-16 12:37:25.907184
https://pantip.com/topic/37287374,2020-10-16 12:37:25.907184
https://pantip.com/topic/37728007,2020-10-16 12:37:25.907184
https://pantip.com/topic/37866310,2020-10-16 12:37:25.907184
https://pantip.com/topic/37732484,2020-10-16 12:37:25.907184
https://pantip.com/topic/38041230,2020-10-16 12:37:25.907184
https://pantip.com/topic/38068436,2020-10-16 12:37:25.907184
https://pantip.com/topic/37582367,2020-10-16 12:37:25.907184
https://pantip.com/topic/37439170,2020-10-16 12:37:25.907184
https://pantip.com/topic/37878520,2020-10-16 12:37:25.907184
https://pantip.com/topic/37447288,2020-10-16 12:37:25.907184
https://pantip.com/topic/37264094,2020-10-16 12:37:25.907184
https://pantip.com/topic/37656156,2020-10-16 12:37:25.907184
https://pantip.com/topic/37655596,2020-10-16 12:37:25.907184
https://pantip.com/topic/37410807,2020-10-16 12:37:25.907184
https://pantip.com/topic/37038795,2020-10-16 12:37:25.907184
https://pantip.com/topic/37366012,2020-10-16 12:37:25.907184
https://pantip.com/topic/37212136,2020-10-16 12:37:25.907184
https://pantip.com/topic/37405124,2020-10-16 12:37:25.907184
https://pantip.com/topic/37156842,2020-10-16 12:37:25.907184
https://pantip.com/topic/37062916,2020-10-16 12:37:25.907184
https://pantip.com/topic/37224488,2020-10-16 12:37:25.907184
https://pantip.com/topic/37554360,2020-10-16 12:37:25.907184
https://pantip.com/topic/36679942,2020-10-16 12:37:25.907184
https://pantip.com/topic/37267957,2020-10-16 12:37:25.907184
https://pantip.com/topic/37415439,2020-10-16 12:37:25.907184
https://pantip.com/topic/36906766,2020-10-16 12:37:25.907184
https://pantip.com/topic/37184762,2020-10-16 12:37:25.907184
https://pantip.com/topic/36780414,2020-10-16 12:37:25.907184
https://pantip.com/topic/37134060,2020-10-16 12:37:25.907184
https://pantip.com/topic/36881567,2020-10-16 12:37:25.907184
https://pantip.com/topic/37189071,2020-10-16 12:37:25.907184
https://pantip.com/topic/36860680,2020-10-16 12:37:25.907184
https://pantip.com/topic/37023043,2020-10-16 12:37:25.907184
https://pantip.com/topic/36860539,2020-10-16 12:37:25.907184
https://pantip.com/topic/37061388,2020-10-16 12:37:25.907184
https://pantip.com/topic/37025078,2020-10-16 12:37:25.907184
https://pantip.com/topic/37103647,2020-10-16 12:37:25.907184
https://pantip.com/topic/36866269,2020-10-16 12:37:25.907184
https://pantip.com/topic/36762767,2020-10-16 12:37:25.907184
https://pantip.com/topic/36446894,2020-10-16 12:37:25.907184
https://pantip.com/topic/36350474,2020-10-16 12:37:25.907184
https://pantip.com/topic/37030164,2020-10-16 12:37:25.907184
https://pantip.com/topic/36913254,2020-10-16 12:37:25.907184
https://pantip.com/topic/37060011,2020-10-16 12:37:25.907184
https://pantip.com/topic/36945726,2020-10-16 12:37:25.907184
https://pantip.com/topic/36653897,2020-10-16 12:37:25.907184
https://pantip.com/topic/36869374,2020-10-16 12:37:25.907184
https://pantip.com/topic/36696471,2020-10-16 12:37:25.907184
https://pantip.com/topic/36864520,2020-10-16 12:37:25.907184
https://pantip.com/topic/36569162,2020-10-16 12:37:25.907184
https://pantip.com/topic/36852580,2020-10-16 12:37:25.907184
https://pantip.com/topic/36726179,2020-10-16 12:37:25.907184
https://pantip.com/topic/36309953,2020-10-16 12:37:25.907184
https://pantip.com/topic/36698567,2020-10-16 12:37:25.907184
https://pantip.com/topic/36348895,2020-10-16 12:37:25.907184
https://pantip.com/topic/36519158,2020-10-16 12:37:25.907184
https://pantip.com/topic/36282142,2020-10-16 12:37:25.907184
https://pantip.com/topic/36792077,2020-10-16 12:37:25.907184
https://pantip.com/topic/36767271,2020-10-16 12:37:25.907184
https://pantip.com/topic/36563842,2020-10-16 12:37:25.907184
https://pantip.com/topic/36813109,2020-10-16 12:37:25.907184
https://pantip.com/topic/36311489,2020-10-16 12:37:25.907184
https://pantip.com/topic/36795987,2020-10-16 12:37:25.907184
https://pantip.com/topic/36772571,2020-10-16 12:37:25.907184
https://pantip.com/topic/36687705,2020-10-16 12:37:25.907184
https://pantip.com/topic/36301258,2020-10-16 12:37:25.907184
https://pantip.com/topic/36650505,2020-10-16 12:37:25.907184
https://pantip.com/topic/36608387,2020-10-16 12:37:25.907184
https://pantip.com/topic/36670765,2020-10-16 12:37:25.907184
https://pantip.com/topic/36667525,2020-10-16 12:37:25.907184
https://pantip.com/topic/36581825,2020-10-16 12:37:25.907184
https://pantip.com/topic/36528543,2020-10-16 12:37:25.907184
https://pantip.com/topic/36337994,2020-10-16 12:37:25.907184
https://pantip.com/topic/36514561,2020-10-16 12:37:25.907184
https://pantip.com/topic/36530648,2020-10-16 12:37:25.907184
https://pantip.com/topic/36282002,2020-10-16 12:37:25.907184
https://pantip.com/topic/36361090,2020-10-16 12:37:25.907184
https://pantip.com/topic/36461027,2020-10-16 12:37:25.907184
https://pantip.com/topic/36605971,2020-10-16 12:37:25.907184
https://pantip.com/topic/36456035,2020-10-16 12:37:25.907184
https://pantip.com/topic/36518804,2020-10-16 12:37:25.907184
https://pantip.com/topic/36302693,2020-10-16 12:37:25.907184
https://pantip.com/topic/36290596,2020-10-16 12:37:25.907184
https://pantip.com/topic/36689848,2020-10-16 12:37:25.907184
https://pantip.com/topic/36201880,2020-10-16 12:37:25.907184
https://pantip.com/topic/36510610,2020-10-16 12:37:25.907184
https://pantip.com/topic/36251088,2020-10-16 12:37:25.907184
https://pantip.com/topic/35991221,2020-10-16 12:37:25.907184
https://pantip.com/topic/36391770,2020-10-16 12:37:25.907184
https://pantip.com/topic/36251317,2020-10-16 12:37:25.907184
https://pantip.com/topic/36371920,2020-10-16 12:37:25.907184
https://pantip.com/topic/36273928,2020-10-16 12:37:25.907184
https://pantip.com/topic/36168311,2020-10-16 12:37:25.907184
https://pantip.com/topic/36167557,2020-10-16 12:37:25.907184
https://pantip.com/topic/36198272,2020-10-16 12:37:25.907184
https://pantip.com/topic/35869694,2020-10-16 12:37:25.907184
https://pantip.com/topic/36293507,2020-10-16 12:37:25.907184
https://pantip.com/topic/36241385,2020-10-16 12:37:25.907184
https://pantip.com/topic/35950033,2020-10-16 12:37:25.907184
https://pantip.com/topic/36085835,2020-10-16 12:37:25.907184
https://pantip.com/topic/36099765,2020-10-16 12:37:25.907184
https://pantip.com/topic/36260395,2020-10-16 12:37:25.907184
https://pantip.com/topic/35656636,2020-10-16 12:37:25.907184
https://pantip.com/topic/35998371,2020-10-16 12:37:25.907184
https://pantip.com/topic/36203027,2020-10-16 12:37:25.907184
https://pantip.com/topic/35929203,2020-10-16 12:37:25.907184
https://pantip.com/topic/36170689,2020-10-16 12:37:25.907184
https://pantip.com/topic/35851466,2020-10-16 12:37:25.907184
https://pantip.com/topic/36167053,2020-10-16 12:37:25.907184
https://pantip.com/topic/35574543,2020-10-16 12:37:25.907184
https://pantip.com/topic/36041782,2020-10-16 12:37:25.907184
https://pantip.com/topic/35960308,2020-10-16 12:37:25.907184
https://pantip.com/topic/35932930,2020-10-16 12:37:25.907184
https://pantip.com/topic/36197488,2020-10-16 12:37:25.907184
https://pantip.com/topic/35908299,2020-10-16 12:37:25.907184
https://pantip.com/topic/35696723,2020-10-16 12:37:25.907184
https://pantip.com/topic/35908464,2020-10-16 12:37:25.907184
https://pantip.com/topic/35931717,2020-10-16 12:37:25.907184
https://pantip.com/topic/35945193,2020-10-16 12:37:25.907184
https://pantip.com/topic/35783538,2020-10-16 12:37:25.907184
https://pantip.com/topic/36087695,2020-10-16 12:37:25.907184
https://pantip.com/topic/35937572,2020-10-16 12:37:25.907184
https://pantip.com/topic/35954897,2020-10-16 12:37:25.907184
https://pantip.com/topic/35876144,2020-10-16 12:37:25.907184
https://pantip.com/topic/35815705,2020-10-16 12:37:25.907184
https://pantip.com/topic/35983227,2020-10-16 12:37:25.907184
https://pantip.com/topic/36071070,2020-10-16 12:37:25.907184
https://pantip.com/topic/35918467,2020-10-16 12:37:25.907184
https://pantip.com/topic/35808833,2020-10-16 12:37:25.907184
https://pantip.com/topic/35785385,2020-10-16 12:37:25.907184
https://pantip.com/topic/35774140,2020-10-16 12:37:25.907184
https://pantip.com/topic/35798886,2020-10-16 12:37:25.907184
https://pantip.com/topic/35403049,2020-10-16 12:37:25.907184
https://pantip.com/topic/35823271,2020-10-16 12:37:25.907184
https://pantip.com/topic/36028650,2020-10-16 12:37:25.907184
https://pantip.com/topic/35817133,2020-10-16 12:37:25.907184
https://pantip.com/topic/35706836,2020-10-16 12:37:25.907184
https://pantip.com/topic/35582320,2020-10-16 12:37:25.907184
https://pantip.com/topic/36007650,2020-10-16 12:37:25.907184
https://pantip.com/topic/35321261,2020-10-16 12:37:25.907184
https://pantip.com/topic/35608283,2020-10-16 12:37:25.907184
https://pantip.com/topic/35539948,2020-10-16 12:37:25.907184
https://pantip.com/topic/35726171,2020-10-16 12:37:25.907184
https://pantip.com/topic/35262821,2020-10-16 12:37:25.907184
https://pantip.com/topic/35286527,2020-10-16 12:37:25.907184
https://pantip.com/topic/35628620,2020-10-16 12:37:25.907184
https://pantip.com/topic/35949778,2020-10-16 12:37:25.907184
https://pantip.com/topic/35714083,2020-10-16 12:37:25.907184
https://pantip.com/topic/35272114,2020-10-16 12:37:25.907184
https://pantip.com/topic/35265009,2020-10-16 12:37:25.907184
https://pantip.com/topic/35242099,2020-10-16 12:37:25.907184
https://pantip.com/topic/35794123,2020-10-16 12:37:25.907184
https://pantip.com/topic/35584714,2020-10-16 12:37:25.907184
https://pantip.com/topic/35586574,2020-10-16 12:37:25.907184
https://pantip.com/topic/35590506,2020-10-16 12:37:25.907184
https://pantip.com/topic/35540809,2020-10-16 12:37:25.907184
https://pantip.com/topic/35434753,2020-10-16 12:37:25.907184
https://pantip.com/topic/35550846,2020-10-16 12:37:25.907184
https://pantip.com/topic/35143115,2020-10-16 12:37:25.907184
https://pantip.com/topic/35468142,2020-10-16 12:37:25.907184
https://pantip.com/topic/35446502,2020-10-16 12:37:25.907184
https://pantip.com/topic/35519461,2020-10-16 12:37:25.907184
https://pantip.com/topic/35356400,2020-10-16 12:37:25.907184
https://pantip.com/topic/35483321,2020-10-16 12:37:25.907184
https://pantip.com/topic/35589774,2020-10-16 12:37:25.907184
https://pantip.com/topic/35227469,2020-10-16 12:37:25.907184
https://pantip.com/topic/35389060,2020-10-16 12:37:25.907184
https://pantip.com/topic/34925248,2020-10-16 12:37:25.907184
https://pantip.com/topic/35548192,2020-10-16 12:37:25.907184
https://pantip.com/topic/35469295,2020-10-16 12:37:25.907184
https://pantip.com/topic/35478583,2020-10-16 12:37:25.907184
https://pantip.com/topic/35143860,2020-10-16 12:37:25.907184
https://pantip.com/topic/35483736,2020-10-16 12:37:25.907184
https://pantip.com/topic/35460612,2020-10-16 12:37:25.907184
https://pantip.com/topic/35421420,2020-10-16 12:37:25.907184
https://pantip.com/topic/35407552,2020-10-16 12:37:25.907184
https://pantip.com/topic/35345222,2020-10-16 12:37:25.907184
https://pantip.com/topic/34950727,2020-10-16 12:37:25.907184
https://pantip.com/topic/35271088,2020-10-16 12:37:25.907184
https://pantip.com/topic/35478155,2020-10-16 12:37:25.907184
https://pantip.com/topic/35226919,2020-10-16 12:37:25.907184
https://pantip.com/topic/35494613,2020-10-16 12:37:25.907184
https://pantip.com/topic/35272054,2020-10-16 12:37:25.907184
https://pantip.com/topic/35170745,2020-10-16 12:37:25.907184
https://pantip.com/topic/34995994,2020-10-16 12:37:25.907184
https://pantip.com/topic/35106090,2020-10-16 12:37:25.907184
https://pantip.com/topic/35251687,2020-10-16 12:37:25.907184
https://pantip.com/topic/35400292,2020-10-16 12:37:25.907184
https://pantip.com/topic/35029144,2020-10-16 12:37:25.907184
https://pantip.com/topic/35174468,2020-10-16 12:37:25.907184
https://pantip.com/topic/34775801,2020-10-16 12:37:25.907184
https://pantip.com/topic/34854205,2020-10-16 12:37:25.907184
https://pantip.com/topic/35050901,2020-10-16 12:37:25.907184
https://pantip.com/topic/35033281,2020-10-16 12:37:25.907184
https://pantip.com/topic/35125688,2020-10-16 12:37:25.907184
https://pantip.com/topic/34675525,2020-10-16 12:37:25.907184
https://pantip.com/topic/34672548,2020-10-16 12:37:25.907184
https://pantip.com/topic/35266602,2020-10-16 12:37:25.907184
https://pantip.com/topic/34876298,2020-10-16 12:37:25.907184
https://pantip.com/topic/35048942,2020-10-16 12:37:25.907184
https://pantip.com/topic/35378410,2020-10-16 12:37:25.907184
https://pantip.com/topic/34920220,2020-10-16 12:37:25.907184
https://pantip.com/topic/35288337,2020-10-16 12:37:25.907184
https://pantip.com/topic/35261760,2020-10-16 12:37:25.907184
https://pantip.com/topic/35061115,2020-10-16 12:37:25.907184
https://pantip.com/topic/35000783,2020-10-16 12:37:25.907184
https://pantip.com/topic/35068283,2020-10-16 12:37:25.907184
https://pantip.com/topic/35108178,2020-10-16 12:37:25.907184
https://pantip.com/topic/35019964,2020-10-16 12:37:25.907184
https://pantip.com/topic/35080002,2020-10-16 12:37:25.907184
https://pantip.com/topic/34978242,2020-10-16 12:37:25.907184
https://pantip.com/topic/34579099,2020-10-16 12:37:25.907184
https://pantip.com/topic/34937666,2020-10-16 12:37:25.907184
https://pantip.com/topic/35063027,2020-10-16 12:37:25.907184
https://pantip.com/topic/34612807,2020-10-16 12:37:25.907184
https://pantip.com/topic/34826577,2020-10-16 12:37:25.907184
https://pantip.com/topic/35024337,2020-10-16 12:37:25.907184
https://pantip.com/topic/34915711,2020-10-16 12:37:25.907184
https://pantip.com/topic/34825916,2020-10-16 12:37:25.907184
https://pantip.com/topic/34980158,2020-10-16 12:37:25.907184
https://pantip.com/topic/34853118,2020-10-16 12:37:25.907184
https://pantip.com/topic/35170803,2020-10-16 12:37:25.907184
https://pantip.com/topic/34913724,2020-10-16 12:37:25.907184
https://pantip.com/topic/34976608,2020-10-16 12:37:25.907184
https://pantip.com/topic/34791063,2020-10-16 12:37:25.907184
https://pantip.com/topic/35189202,2020-10-16 12:37:25.907184
https://pantip.com/topic/35014545,2020-10-16 12:37:25.907184
https://pantip.com/topic/35027616,2020-10-16 12:37:25.907184
https://pantip.com/topic/34890722,2020-10-16 12:37:25.907184
https://pantip.com/topic/35281200,2020-10-16 12:37:25.907184
https://pantip.com/topic/34772117,2020-10-16 12:37:25.907184
https://pantip.com/topic/34981848,2020-10-16 12:37:25.907184
https://pantip.com/topic/34907696,2020-10-16 12:37:25.907184
https://pantip.com/topic/34925284,2020-10-16 12:37:25.907184
https://pantip.com/topic/34894888,2020-10-16 12:37:25.907184
https://pantip.com/topic/34780059,2020-10-16 12:37:25.907184
https://pantip.com/topic/34871303,2020-10-16 12:37:25.907184
https://pantip.com/topic/34654919,2020-10-16 12:37:25.907184
https://pantip.com/topic/35069580,2020-10-16 12:37:25.907184
https://pantip.com/topic/34768431,2020-10-16 12:37:25.907184
https://pantip.com/topic/34631144,2020-10-16 12:37:25.907184
https://pantip.com/topic/34722597,2020-10-16 12:37:25.907184
https://pantip.com/topic/34929433,2020-10-16 12:37:25.907184
https://pantip.com/topic/34721330,2020-10-16 12:37:25.907184
https://pantip.com/topic/34666520,2020-10-16 12:37:25.907184
https://pantip.com/topic/34330360,2020-10-16 12:37:25.907184
https://pantip.com/topic/34645614,2020-10-16 12:37:25.907184
https://pantip.com/topic/34757647,2020-10-16 12:37:25.907184
https://pantip.com/topic/34642622,2020-10-16 12:37:25.907184
https://pantip.com/topic/34811809,2020-10-16 12:37:25.907184
https://pantip.com/topic/34638943,2020-10-16 12:37:25.907184
https://pantip.com/topic/34433393,2020-10-16 12:37:25.907184
https://pantip.com/topic/34604829,2020-10-16 12:37:25.907184
https://pantip.com/topic/34608176,2020-10-16 12:37:25.907184
https://pantip.com/topic/34428721,2020-10-16 12:37:25.907184
https://pantip.com/topic/34677353,2020-10-16 12:37:25.907184
https://pantip.com/topic/34588183,2020-10-16 12:37:25.907184
https://pantip.com/topic/34799450,2020-10-16 12:37:25.907184
https://pantip.com/topic/34241380,2020-10-16 12:37:25.907184
https://pantip.com/topic/34668387,2020-10-16 12:37:25.907184
https://pantip.com/topic/34726805,2020-10-16 12:37:25.907184
https://pantip.com/topic/34727010,2020-10-16 12:37:25.907184
https://pantip.com/topic/34620357,2020-10-16 12:37:25.907184
https://pantip.com/topic/34607059,2020-10-16 12:37:25.907184
https://pantip.com/topic/34585845,2020-10-16 12:37:25.907184
https://pantip.com/topic/34601509,2020-10-16 12:37:25.907184
https://pantip.com/topic/34538401,2020-10-16 12:37:25.907184
https://pantip.com/topic/34658293,2020-10-16 12:37:25.907184
https://pantip.com/topic/34328992,2020-10-16 12:37:25.907184
https://pantip.com/topic/34391596,2020-10-16 12:37:25.907184
https://pantip.com/topic/34510112,2020-10-16 12:37:25.907184
https://pantip.com/topic/34598979,2020-10-16 12:37:25.907184
https://pantip.com/topic/34508133,2020-10-16 12:37:25.907184
https://pantip.com/topic/34565412,2020-10-16 12:37:25.907184
https://pantip.com/topic/34554783,2020-10-16 12:37:25.907184
https://pantip.com/topic/34244537,2020-10-16 12:37:25.907184
https://pantip.com/topic/34355955,2020-10-16 12:37:25.907184
https://pantip.com/topic/34273266,2020-10-16 12:37:25.907184
https://pantip.com/topic/34190323,2020-10-16 12:37:25.907184
https://pantip.com/topic/34263142,2020-10-16 12:37:25.907184
https://pantip.com/topic/34595088,2020-10-16 12:37:25.907184
https://pantip.com/topic/34379753,2020-10-16 12:37:25.907184
https://pantip.com/topic/34140874,2020-10-16 12:37:25.907184
https://pantip.com/topic/34689645,2020-10-16 12:37:25.907184
https://pantip.com/topic/34425753,2020-10-16 12:37:25.907184
https://pantip.com/topic/34535408,2020-10-16 12:37:25.907184
https://pantip.com/topic/34012287,2020-10-16 12:37:25.907184
https://pantip.com/topic/34299716,2020-10-16 12:37:25.907184
https://pantip.com/topic/34405291,2020-10-16 12:37:25.907184
https://pantip.com/topic/34307578,2020-10-16 12:37:25.907184
https://pantip.com/topic/34399352,2020-10-16 12:37:25.907184
https://pantip.com/topic/33902278,2020-10-16 12:37:25.907184
https://pantip.com/topic/34333388,2020-10-16 12:37:25.907184
https://pantip.com/topic/34444754,2020-10-16 12:37:25.907184
https://pantip.com/topic/34276709,2020-10-16 12:37:25.907184
https://pantip.com/topic/33869389,2020-10-16 12:37:25.907184
https://pantip.com/topic/34183509,2020-10-16 12:37:25.907184
https://pantip.com/topic/34230902,2020-10-16 12:37:25.907184
https://pantip.com/topic/34195041,2020-10-16 12:37:25.907184
https://pantip.com/topic/34234704,2020-10-16 12:37:25.907184
https://pantip.com/topic/34130926,2020-10-16 12:37:25.907184
https://pantip.com/topic/34138662,2020-10-16 12:37:25.907184
https://pantip.com/topic/34248401,2020-10-16 12:37:25.907184
https://pantip.com/topic/34344357,2020-10-16 12:37:25.907184
https://pantip.com/topic/34196592,2020-10-16 12:37:25.907184
https://pantip.com/topic/34296376,2020-10-16 12:37:25.907184
https://pantip.com/topic/34089875,2020-10-16 12:37:25.907184
https://pantip.com/topic/34124286,2020-10-16 12:37:25.907184
https://pantip.com/topic/34121562,2020-10-16 12:37:25.907184
https://pantip.com/topic/34237317,2020-10-16 12:37:25.907184
https://pantip.com/topic/33753102,2020-10-16 12:37:25.907184
https://pantip.com/topic/34234447,2020-10-16 12:37:25.907184
https://pantip.com/topic/33901448,2020-10-16 12:37:25.907184
https://pantip.com/topic/33991847,2020-10-16 12:37:25.907184
https://pantip.com/topic/34050476,2020-10-16 12:37:25.907184
https://pantip.com/topic/34179286,2020-10-16 12:37:25.907184
https://pantip.com/topic/34260430,2020-10-16 12:37:25.907184
https://pantip.com/topic/34160307,2020-10-16 12:37:25.907184
https://pantip.com/topic/34246969,2020-10-16 12:37:25.907184
https://pantip.com/topic/34257118,2020-10-16 12:37:25.907184
https://pantip.com/topic/34076024,2020-10-16 12:37:25.907184
https://pantip.com/topic/34104004,2020-10-16 12:37:25.907184
https://pantip.com/topic/33893933,2020-10-16 12:37:25.907184
https://pantip.com/topic/34231034,2020-10-16 12:37:25.907184
https://pantip.com/topic/33963957,2020-10-16 12:37:25.907184
https://pantip.com/topic/33678044,2020-10-16 12:37:25.907184
https://pantip.com/topic/34217906,2020-10-16 12:37:25.907184
https://pantip.com/topic/33938081,2020-10-16 12:37:25.907184
https://pantip.com/topic/34202341,2020-10-16 12:37:25.907184
https://pantip.com/topic/33899596,2020-10-16 12:37:25.907184
https://pantip.com/topic/33750326,2020-10-16 12:37:25.907184
https://pantip.com/topic/34129506,2020-10-16 12:37:25.907184
https://pantip.com/topic/33907228,2020-10-16 12:37:25.907184
https://pantip.com/topic/33546693,2020-10-16 12:37:25.907184
https://pantip.com/topic/33813922,2020-10-16 12:37:25.907184
https://pantip.com/topic/33917909,2020-10-16 12:37:25.907184
https://pantip.com/topic/33966074,2020-10-16 12:37:25.907184
https://pantip.com/topic/34154900,2020-10-16 12:37:25.907184
https://pantip.com/topic/33734111,2020-10-16 12:37:25.907184
https://pantip.com/topic/33900127,2020-10-16 12:37:25.907184
https://pantip.com/topic/33481820,2020-10-16 12:37:25.907184
https://pantip.com/topic/33890423,2020-10-16 12:37:25.907184
https://pantip.com/topic/33734973,2020-10-16 12:37:25.907184
https://pantip.com/topic/33730204,2020-10-16 12:37:25.907184
https://pantip.com/topic/33891551,2020-10-16 12:37:25.907184
https://pantip.com/topic/33856885,2020-10-16 12:37:25.907184
https://pantip.com/topic/33857406,2020-10-16 12:37:25.907184
https://pantip.com/topic/33958158,2020-10-16 12:37:25.907184
https://pantip.com/topic/34043523,2020-10-16 12:37:25.907184
https://pantip.com/topic/33930917,2020-10-16 12:37:25.907184
https://pantip.com/topic/34026088,2020-10-16 12:37:25.907184
https://pantip.com/topic/33956615,2020-10-16 12:37:25.907184
https://pantip.com/topic/33794085,2020-10-16 12:37:25.907184
https://pantip.com/topic/33945265,2020-10-16 12:37:25.907184
https://pantip.com/topic/33870160,2020-10-16 12:37:25.907184
https://pantip.com/topic/33953518,2020-10-16 12:37:25.907184
https://pantip.com/topic/33725454,2020-10-16 12:37:25.907184
https://pantip.com/topic/33927490,2020-10-16 12:37:25.907184
https://pantip.com/topic/33648896,2020-10-16 12:37:25.907184
https://pantip.com/topic/33769244,2020-10-16 12:37:25.907184
https://pantip.com/topic/33723097,2020-10-16 12:37:25.907184
https://pantip.com/topic/33793988,2020-10-16 12:37:25.907184
https://pantip.com/topic/33657383,2020-10-16 12:37:25.907184
https://pantip.com/topic/33373873,2020-10-16 12:37:25.907184
https://pantip.com/topic/33377805,2020-10-16 12:37:25.907184
https://pantip.com/topic/33564529,2020-10-16 12:37:25.907184
https://pantip.com/topic/33714560,2020-10-16 12:37:25.907184
https://pantip.com/topic/33784719,2020-10-16 12:37:25.907184
https://pantip.com/topic/33776101,2020-10-16 12:37:25.907184
https://pantip.com/topic/33810538,2020-10-16 12:37:25.907184
https://pantip.com/topic/33808964,2020-10-16 12:37:25.907184
https://pantip.com/topic/33448366,2020-10-16 12:37:25.907184
https://pantip.com/topic/33571479,2020-10-16 12:37:25.907184
https://pantip.com/topic/33492340,2020-10-16 12:37:25.907184
https://pantip.com/topic/33574033,2020-10-16 12:37:25.907184
https://pantip.com/topic/33849763,2020-10-16 12:37:25.907184
https://pantip.com/topic/33868668,2020-10-16 12:37:25.907184
https://pantip.com/topic/33473521,2020-10-16 12:37:25.907184
https://pantip.com/topic/33573777,2020-10-16 12:37:25.907184
https://pantip.com/topic/33573772,2020-10-16 12:37:25.907184
https://pantip.com/topic/33573740,2020-10-16 12:37:25.907184
https://pantip.com/topic/33569552,2020-10-16 12:37:25.907184
https://pantip.com/topic/33552935,2020-10-16 12:37:25.907184
https://pantip.com/topic/33781384,2020-10-16 12:37:25.907184
https://pantip.com/topic/33392801,2020-10-16 12:37:25.907184
https://pantip.com/topic/33585075,2020-10-16 12:37:25.907184
https://pantip.com/topic/33427464,2020-10-16 12:37:25.907184
https://pantip.com/topic/33559799,2020-10-16 12:37:25.907184
https://pantip.com/topic/33561958,2020-10-16 12:37:25.907184
https://pantip.com/topic/33616606,2020-10-16 12:37:25.907184
https://pantip.com/topic/33553711,2020-10-16 12:37:25.907184
https://pantip.com/topic/33563991,2020-10-16 12:37:25.907184
https://pantip.com/topic/33438272,2020-10-16 12:37:25.907184
https://pantip.com/topic/33400989,2020-10-16 12:37:25.907184
https://pantip.com/topic/33544221,2020-10-16 12:37:25.907184
https://pantip.com/topic/33549811,2020-10-16 12:37:25.907184
https://pantip.com/topic/33490508,2020-10-16 12:37:25.907184
https://pantip.com/topic/33436454,2020-10-16 12:37:25.907184
https://pantip.com/topic/33633512,2020-10-16 12:37:25.907184
https://pantip.com/topic/33415153,2020-10-16 12:37:25.907184
https://pantip.com/topic/33430813,2020-10-16 12:37:25.907184
https://pantip.com/topic/33450030,2020-10-16 12:37:25.907184
https://pantip.com/topic/33527043,2020-10-16 12:37:25.907184
https://pantip.com/topic/33781810,2020-10-16 12:37:25.907184
https://pantip.com/topic/33524515,2020-10-16 12:37:25.907184
https://pantip.com/topic/33524741,2020-10-16 12:37:25.907184
https://pantip.com/topic/33648082,2020-10-16 12:37:25.907184
https://pantip.com/topic/33591023,2020-10-16 12:37:25.907184
https://pantip.com/topic/33466616,2020-10-16 12:37:25.907184
https://pantip.com/topic/33544972,2020-10-16 12:37:25.907184
https://pantip.com/topic/33121749,2020-10-16 12:37:25.907184
https://pantip.com/topic/33551258,2020-10-16 12:37:25.907184
https://pantip.com/topic/33369798,2020-10-16 12:37:25.907184
https://pantip.com/topic/33442173,2020-10-16 12:37:25.907184
https://pantip.com/topic/33444748,2020-10-16 12:37:25.907184
https://pantip.com/topic/33550140,2020-10-16 12:37:25.907184
https://pantip.com/topic/33660274,2020-10-16 12:37:25.907184
https://pantip.com/topic/33363908,2020-10-16 12:37:25.907184
https://pantip.com/topic/33489973,2020-10-16 12:37:25.907184
https://pantip.com/topic/33453541,2020-10-16 12:37:25.907184
https://pantip.com/topic/33564427,2020-10-16 12:37:25.907184
https://pantip.com/topic/33233883,2020-10-16 12:37:25.907184
https://pantip.com/topic/33332141,2020-10-16 12:37:25.907184
https://pantip.com/topic/33430984,2020-10-16 12:37:25.907184
https://pantip.com/topic/33292233,2020-10-16 12:37:25.907184
https://pantip.com/topic/33442309,2020-10-16 12:37:25.907184
https://pantip.com/topic/33176533,2020-10-16 12:37:25.907184
https://pantip.com/topic/33167152,2020-10-16 12:37:25.907184
https://pantip.com/topic/33288971,2020-10-16 12:37:25.907184
https://pantip.com/topic/33180289,2020-10-16 12:37:25.907184
https://pantip.com/topic/33237288,2020-10-16 12:37:25.907184
https://pantip.com/topic/33248738,2020-10-16 12:37:25.907184
https://pantip.com/topic/33071558,2020-10-16 12:37:25.907184
https://pantip.com/topic/33225467,2020-10-16 12:37:25.907184
https://pantip.com/topic/33115459,2020-10-16 12:37:25.907184
https://pantip.com/topic/33080500,2020-10-16 12:37:25.907184
https://pantip.com/topic/33353435,2020-10-16 12:37:25.907184
https://pantip.com/topic/33076199,2020-10-16 12:37:25.907184
https://pantip.com/topic/33382142,2020-10-16 12:37:25.907184
https://pantip.com/topic/32996233,2020-10-16 12:37:25.907184
https://pantip.com/topic/33225287,2020-10-16 12:37:25.907184
https://pantip.com/topic/33191650,2020-10-16 12:37:25.907184
https://pantip.com/topic/33256985,2020-10-16 12:37:25.907184
https://pantip.com/topic/33230491,2020-10-16 12:37:25.907184
https://pantip.com/topic/33045286,2020-10-16 12:37:25.907184
https://pantip.com/topic/33175622,2020-10-16 12:37:25.907184
https://pantip.com/topic/33123455,2020-10-16 12:37:25.907184
https://pantip.com/topic/33382849,2020-10-16 12:37:25.907184
https://pantip.com/topic/33198147,2020-10-16 12:37:25.907184
https://pantip.com/topic/33246539,2020-10-16 12:37:25.907184
https://pantip.com/topic/32984728,2020-10-16 12:37:25.907184
https://pantip.com/topic/33002645,2020-10-16 12:37:25.907184
https://pantip.com/topic/33173494,2020-10-16 12:37:25.907184
https://pantip.com/topic/32943602,2020-10-16 12:37:25.907184
https://pantip.com/topic/32958707,2020-10-16 12:37:25.907184
https://pantip.com/topic/33129258,2020-10-16 12:37:25.907184
https://pantip.com/topic/33000795,2020-10-16 12:37:25.907184
https://pantip.com/topic/32955027,2020-10-16 12:37:25.907184
https://pantip.com/topic/33186544,2020-10-16 12:37:25.907184
https://pantip.com/topic/32927833,2020-10-16 12:37:25.907184
https://pantip.com/topic/33005300,2020-10-16 12:37:25.907184
https://pantip.com/topic/32815544,2020-10-16 12:37:25.907184
https://pantip.com/topic/33110845,2020-10-16 12:37:25.907184
https://pantip.com/topic/33037112,2020-10-16 12:37:25.907184
https://pantip.com/topic/32737312,2020-10-16 12:37:25.907184
https://pantip.com/topic/32700734,2020-10-16 12:37:25.907184
https://pantip.com/topic/33137876,2020-10-16 12:37:25.907184
https://pantip.com/topic/33064930,2020-10-16 12:37:25.907184
https://pantip.com/topic/33141732,2020-10-16 12:37:25.907184
https://pantip.com/topic/33052862,2020-10-16 12:37:25.907184
https://pantip.com/topic/32727172,2020-10-16 12:37:25.907184
https://pantip.com/topic/32941971,2020-10-16 12:37:25.907184
https://pantip.com/topic/32990348,2020-10-16 12:37:25.907184
https://pantip.com/topic/32919919,2020-10-16 12:37:25.907184
https://pantip.com/topic/32966339,2020-10-16 12:37:25.907184
https://pantip.com/topic/32887961,2020-10-16 12:37:25.907184
https://pantip.com/topic/32926514,2020-10-16 12:37:25.907184
https://pantip.com/topic/32975100,2020-10-16 12:37:25.907184
https://pantip.com/topic/32965071,2020-10-16 12:37:25.907184
https://pantip.com/topic/32974124,2020-10-16 12:37:25.907184
https://pantip.com/topic/32937006,2020-10-16 12:37:25.907184
https://pantip.com/topic/32499597,2020-10-16 12:37:25.907184
https://pantip.com/topic/32966739,2020-10-16 12:37:25.907184
https://pantip.com/topic/32838670,2020-10-16 12:37:25.907184
https://pantip.com/topic/32724052,2020-10-16 12:37:25.907184
https://pantip.com/topic/32802891,2020-10-16 12:37:25.907184
https://pantip.com/topic/32976847,2020-10-16 12:37:25.907184
https://pantip.com/topic/32811522,2020-10-16 12:37:25.907184
https://pantip.com/topic/32888652,2020-10-16 12:37:25.907184
https://pantip.com/topic/32815679,2020-10-16 12:37:25.907184
https://pantip.com/topic/32820393,2020-10-16 12:37:25.907184
https://pantip.com/topic/32853228,2020-10-16 12:37:25.907184
https://pantip.com/topic/32864325,2020-10-16 12:37:25.907184
https://pantip.com/topic/32777243,2020-10-16 12:37:25.907184
https://pantip.com/topic/32753105,2020-10-16 12:37:25.907184
https://pantip.com/topic/32752134,2020-10-16 12:37:25.907184
https://pantip.com/topic/32552802,2020-10-16 12:37:25.907184
https://pantip.com/topic/32813798,2020-10-16 12:37:25.907184
https://pantip.com/topic/32878644,2020-10-16 12:37:25.907184
https://pantip.com/topic/32974817,2020-10-16 12:37:25.907184
https://pantip.com/topic/32777489,2020-10-16 12:37:25.907184
https://pantip.com/topic/32774656,2020-10-16 12:37:25.907184
https://pantip.com/topic/32761284,2020-10-16 12:37:25.907184
https://pantip.com/topic/32575074,2020-10-16 12:37:25.907184
https://pantip.com/topic/32672834,2020-10-16 12:37:25.907184
https://pantip.com/topic/32704991,2020-10-16 12:37:25.907184
https://pantip.com/topic/32837628,2020-10-16 12:37:25.907184
https://pantip.com/topic/32483432,2020-10-16 12:37:25.907184
https://pantip.com/topic/32708980,2020-10-16 12:37:25.907184
https://pantip.com/topic/32708613,2020-10-16 12:37:25.907184
https://pantip.com/topic/32673698,2020-10-16 12:37:25.907184
https://pantip.com/topic/32586653,2020-10-16 12:37:25.907184
https://pantip.com/topic/32690224,2020-10-16 12:37:25.907184
https://pantip.com/topic/32586992,2020-10-16 12:37:25.907184
https://pantip.com/topic/32776762,2020-10-16 12:37:25.907184
https://pantip.com/topic/32610969,2020-10-16 12:37:25.907184
https://pantip.com/topic/32584878,2020-10-16 12:37:25.907184
https://pantip.com/topic/32706059,2020-10-16 12:37:25.907184
https://pantip.com/topic/32710234,2020-10-16 12:37:25.907184
https://pantip.com/topic/32580629,2020-10-16 12:37:25.907184
https://pantip.com/topic/32384223,2020-10-16 12:37:25.907184
https://pantip.com/topic/32482800,2020-10-16 12:37:25.907184
https://pantip.com/topic/32700093,2020-10-16 12:37:25.907184
https://pantip.com/topic/32424287,2020-10-16 12:37:25.907184
https://pantip.com/topic/32634965,2020-10-16 12:37:25.907184
https://pantip.com/topic/32599660,2020-10-16 12:37:25.907184
https://pantip.com/topic/32377155,2020-10-16 12:37:25.907184
https://pantip.com/topic/32584460,2020-10-16 12:37:25.907184
https://pantip.com/topic/32655440,2020-10-16 12:37:25.907184
https://pantip.com/topic/32570499,2020-10-16 12:37:25.907184
https://pantip.com/topic/32349184,2020-10-16 12:37:25.907184
https://pantip.com/topic/32501745,2020-10-16 12:37:25.907184
https://pantip.com/topic/32486306,2020-10-16 12:37:25.907184
https://pantip.com/topic/32465375,2020-10-16 12:37:25.907184
https://pantip.com/topic/32486411,2020-10-16 12:37:25.907184
https://pantip.com/topic/32486867,2020-10-16 12:37:25.907184
https://pantip.com/topic/32462112,2020-10-16 12:37:25.907184
https://pantip.com/topic/32457677,2020-10-16 12:37:25.907184
https://pantip.com/topic/32502490,2020-10-16 12:37:25.907184
https://pantip.com/topic/32395978,2020-10-16 12:37:25.907184
https://pantip.com/topic/32354365,2020-10-16 12:37:25.907184
https://pantip.com/topic/32312840,2020-10-16 12:37:25.907184
https://pantip.com/topic/32053272,2020-10-16 12:37:25.907184
https://pantip.com/topic/32419808,2020-10-16 12:37:25.907184
https://pantip.com/topic/32398406,2020-10-16 12:37:25.907184
https://pantip.com/topic/32319096,2020-10-16 12:37:25.907184
https://pantip.com/topic/32425917,2020-10-16 12:37:25.907184
https://pantip.com/topic/32322748,2020-10-16 12:37:25.907184
https://pantip.com/topic/32486144,2020-10-16 12:37:25.907184
https://pantip.com/topic/32357283,2020-10-16 12:37:25.907184
https://pantip.com/topic/32438677,2020-10-16 12:37:25.907184
https://pantip.com/topic/32316204,2020-10-16 12:37:25.907184
https://pantip.com/topic/32238867,2020-10-16 12:37:25.907184
https://pantip.com/topic/32281923,2020-10-16 12:37:25.907184
https://pantip.com/topic/32292425,2020-10-16 12:37:25.907184
https://pantip.com/topic/32336238,2020-10-16 12:37:25.907184
https://pantip.com/topic/31954911,2020-10-16 12:37:25.907184
https://pantip.com/topic/32221254,2020-10-16 12:37:25.907184
https://pantip.com/topic/32178633,2020-10-16 12:37:25.907184
https://pantip.com/topic/32149548,2020-10-16 12:37:25.907184
https://pantip.com/topic/32300021,2020-10-16 12:37:25.907184
https://pantip.com/topic/32209743,2020-10-16 12:37:25.907184
https://pantip.com/topic/32213746,2020-10-16 12:37:25.907184
https://pantip.com/topic/32278782,2020-10-16 12:37:25.907184
https://pantip.com/topic/32232134,2020-10-16 12:37:25.907184
https://pantip.com/topic/32214453,2020-10-16 12:37:25.907184
https://pantip.com/topic/32254083,2020-10-16 12:37:25.907184
https://pantip.com/topic/32073762,2020-10-16 12:37:25.907184
https://pantip.com/topic/32181527,2020-10-16 12:37:25.907184
https://pantip.com/topic/31968411,2020-10-16 12:37:25.907184
https://pantip.com/topic/32262291,2020-10-16 12:37:25.907184
https://pantip.com/topic/32148178,2020-10-16 12:37:25.907184
https://pantip.com/topic/32097563,2020-10-16 12:37:25.907184
https://pantip.com/topic/32137974,2020-10-16 12:37:25.907184
https://pantip.com/topic/32046942,2020-10-16 12:37:25.907184
https://pantip.com/topic/31980944,2020-10-16 12:37:25.907184
https://pantip.com/topic/32141719,2020-10-16 12:37:25.907184
https://pantip.com/topic/32197684,2020-10-16 12:37:25.907184
https://pantip.com/topic/32023872,2020-10-16 12:37:25.907184
https://pantip.com/topic/32216641,2020-10-16 12:37:25.907184
https://pantip.com/topic/32064887,2020-10-16 12:37:25.907184
https://pantip.com/topic/32021472,2020-10-16 12:37:25.907184
https://pantip.com/topic/31961733,2020-10-16 12:37:25.907184
https://pantip.com/topic/31884013,2020-10-16 12:37:25.907184
https://pantip.com/topic/31893028,2020-10-16 12:37:25.907184
https://pantip.com/topic/31950464,2020-10-16 12:37:25.907184
https://pantip.com/topic/32023689,2020-10-16 12:37:25.907184
https://pantip.com/topic/32026442,2020-10-16 12:37:25.907184
https://pantip.com/topic/31929179,2020-10-16 12:37:25.907184
https://pantip.com/topic/31957043,2020-10-16 12:37:25.907184
https://pantip.com/topic/31976972,2020-10-16 12:37:25.907184
https://pantip.com/topic/32071656,2020-10-16 12:37:25.907184
https://pantip.com/topic/31977405,2020-10-16 12:37:25.907184
https://pantip.com/topic/31991750,2020-10-16 12:37:25.907184
https://pantip.com/topic/31812635,2020-10-16 12:37:25.907184
https://pantip.com/topic/32019645,2020-10-16 12:37:25.907184
https://pantip.com/topic/31935068,2020-10-16 12:37:25.907184
https://pantip.com/topic/31900978,2020-10-16 12:37:25.907184
https://pantip.com/topic/31929871,2020-10-16 12:37:25.907184
https://pantip.com/topic/31857167,2020-10-16 12:37:25.907184
https://pantip.com/topic/31909595,2020-10-16 12:37:25.907184
https://pantip.com/topic/31904033,2020-10-16 12:37:25.907184
https://pantip.com/topic/31890677,2020-10-16 12:37:25.907184
https://pantip.com/topic/32027929,2020-10-16 12:37:25.907184
https://pantip.com/topic/31908925,2020-10-16 12:37:25.907184
https://pantip.com/topic/31804747,2020-10-16 12:37:25.907184
https://pantip.com/topic/31903772,2020-10-16 12:37:25.907184
https://pantip.com/topic/31983258,2020-10-16 12:37:25.907184
https://pantip.com/topic/31817856,2020-10-16 12:37:25.907184
https://pantip.com/topic/31754724,2020-10-16 12:37:25.907184
https://pantip.com/topic/31901883,2020-10-16 12:37:25.907184
https://pantip.com/topic/31911976,2020-10-16 12:37:25.907184
https://pantip.com/topic/31932686,2020-10-16 12:37:25.907184
https://pantip.com/topic/31892650,2020-10-16 12:37:25.907184
https://pantip.com/topic/31952747,2020-10-16 12:37:25.907184
https://pantip.com/topic/31822419,2020-10-16 12:37:25.907184
https://pantip.com/topic/31561921,2020-10-16 12:37:25.907184
https://pantip.com/topic/31717872,2020-10-16 12:37:25.907184
https://pantip.com/topic/31898722,2020-10-16 12:37:25.907184
https://pantip.com/topic/31715097,2020-10-16 12:37:25.907184
https://pantip.com/topic/31631417,2020-10-16 12:37:25.907184
https://pantip.com/topic/31862385,2020-10-16 12:37:25.907184
https://pantip.com/topic/31748492,2020-10-16 12:37:25.907184
https://pantip.com/topic/31886144,2020-10-16 12:37:25.907184
https://pantip.com/topic/31779187,2020-10-16 12:37:25.907184
https://pantip.com/topic/31868652,2020-10-16 12:37:25.907184
https://pantip.com/topic/31699607,2020-10-16 12:37:25.907184
https://pantip.com/topic/31704450,2020-10-16 12:37:25.907184
https://pantip.com/topic/31721853,2020-10-16 12:37:25.907184
https://pantip.com/topic/31795711,2020-10-16 12:37:25.907184
https://pantip.com/topic/31644438,2020-10-16 12:37:25.907184
https://pantip.com/topic/31814129,2020-10-16 12:37:25.907184
https://pantip.com/topic/31658828,2020-10-16 12:37:25.907184
https://pantip.com/topic/31617146,2020-10-16 12:37:25.907184
https://pantip.com/topic/31624694,2020-10-16 12:37:25.907184
https://pantip.com/topic/31778684,2020-10-16 12:37:25.907184
https://pantip.com/topic/31742873,2020-10-16 12:37:25.907184
https://pantip.com/topic/31741702,2020-10-16 12:37:25.907184
https://pantip.com/topic/31628508,2020-10-16 12:37:25.907184
https://pantip.com/topic/31467586,2020-10-16 12:37:25.907184
https://pantip.com/topic/31630755,2020-10-16 12:37:25.907184
https://pantip.com/topic/31580131,2020-10-16 12:37:25.907184
https://pantip.com/topic/31390915,2020-10-16 12:37:25.907184
https://pantip.com/topic/31708653,2020-10-16 12:37:25.907184
https://pantip.com/topic/31586113,2020-10-16 12:37:25.907184
https://pantip.com/topic/31741551,2020-10-16 12:37:25.907184
https://pantip.com/topic/31692323,2020-10-16 12:37:25.907184
https://pantip.com/topic/31763651,2020-10-16 12:37:25.907184
https://pantip.com/topic/31634648,2020-10-16 12:37:25.907184
https://pantip.com/topic/31516712,2020-10-16 12:37:25.907184
https://pantip.com/topic/31767158,2020-10-16 12:37:25.907184
https://pantip.com/topic/31756054,2020-10-16 12:37:25.907184
https://pantip.com/topic/31596215,2020-10-16 12:37:25.907184
https://pantip.com/topic/31738377,2020-10-16 12:37:25.907184
https://pantip.com/topic/31732488,2020-10-16 12:37:25.907184
https://pantip.com/topic/31530830,2020-10-16 12:37:25.907184
https://pantip.com/topic/31654531,2020-10-16 12:37:25.907184
https://pantip.com/topic/31631627,2020-10-16 12:37:25.907184
https://pantip.com/topic/31541310,2020-10-16 12:37:25.907184
https://pantip.com/topic/31624129,2020-10-16 12:37:25.907184
https://pantip.com/topic/31591427,2020-10-16 12:37:25.907184
https://pantip.com/topic/31613293,2020-10-16 12:37:25.907184
https://pantip.com/topic/31706373,2020-10-16 12:37:25.907184
https://pantip.com/topic/31684920,2020-10-16 12:37:25.907184
https://pantip.com/topic/31692187,2020-10-16 12:37:25.907184
https://pantip.com/topic/31610125,2020-10-16 12:37:25.907184
https://pantip.com/topic/31724557,2020-10-16 12:37:25.907184
https://pantip.com/topic/31714839,2020-10-16 12:37:25.907184
https://pantip.com/topic/31584547,2020-10-16 12:37:25.907184
https://pantip.com/topic/31621947,2020-10-16 12:37:25.907184
https://pantip.com/topic/31570801,2020-10-16 12:37:25.907184
https://pantip.com/topic/31563633,2020-10-16 12:37:25.907184
https://pantip.com/topic/31672586,2020-10-16 12:37:25.907184
https://pantip.com/topic/31659568,2020-10-16 12:37:25.907184
https://pantip.com/topic/31576048,2020-10-16 12:37:25.907184
https://pantip.com/topic/31570872,2020-10-16 12:37:25.907184
https://pantip.com/topic/31529378,2020-10-16 12:37:25.907184
https://pantip.com/topic/31477185,2020-10-16 12:37:25.907184
https://pantip.com/topic/31618613,2020-10-16 12:37:25.907184
https://pantip.com/topic/31646607,2020-10-16 12:37:25.907184
https://pantip.com/topic/31474496,2020-10-16 12:37:25.907184
https://pantip.com/topic/31646498,2020-10-16 12:37:25.907184
https://pantip.com/topic/31607605,2020-10-16 12:37:25.907184
https://pantip.com/topic/31467056,2020-10-16 12:37:25.907184
https://pantip.com/topic/31566996,2020-10-16 12:37:25.907184
https://pantip.com/topic/31552777,2020-10-16 12:37:25.907184
https://pantip.com/topic/31555654,2020-10-16 12:37:25.907184
https://pantip.com/topic/31553269,2020-10-16 12:37:25.907184
https://pantip.com/topic/31603350,2020-10-16 12:37:25.907184
https://pantip.com/topic/31594475,2020-10-16 12:37:25.907184
https://pantip.com/topic/31577756,2020-10-16 12:37:25.907184
https://pantip.com/topic/31554497,2020-10-16 12:37:25.907184
https://pantip.com/topic/31190026,2020-10-16 12:37:25.907184
https://pantip.com/topic/31384482,2020-10-16 12:37:25.907184
https://pantip.com/topic/31507694,2020-10-16 12:37:25.907184
https://pantip.com/topic/31463099,2020-10-16 12:37:25.907184
https://pantip.com/topic/31371418,2020-10-16 12:37:25.907184
https://pantip.com/topic/31513374,2020-10-16 12:37:25.907184
https://pantip.com/topic/31330727,2020-10-16 12:37:25.907184
https://pantip.com/topic/31472985,2020-10-16 12:37:25.907184
https://pantip.com/topic/31420069,2020-10-16 12:37:25.907184
https://pantip.com/topic/31330539,2020-10-16 12:37:25.907184
https://pantip.com/topic/31517854,2020-10-16 12:37:25.907184
https://pantip.com/topic/31303860,2020-10-16 12:37:25.907184
https://pantip.com/topic/31270664,2020-10-16 12:37:25.907184
https://pantip.com/topic/31459106,2020-10-16 12:37:25.907184
https://pantip.com/topic/31423453,2020-10-16 12:37:25.907184
https://pantip.com/topic/31346514,2020-10-16 12:37:25.907184
https://pantip.com/topic/31171572,2020-10-16 12:37:25.907184
https://pantip.com/topic/31484675,2020-10-16 12:37:25.907184
https://pantip.com/topic/31061329,2020-10-16 12:37:25.907184
https://pantip.com/topic/31147509,2020-10-16 12:37:25.907184
https://pantip.com/topic/30987154,2020-10-16 12:37:25.907184
https://pantip.com/topic/31343081,2020-10-16 12:37:25.907184
https://pantip.com/topic/31256364,2020-10-16 12:37:25.907184
https://pantip.com/topic/31338736,2020-10-16 12:37:25.907184
https://pantip.com/topic/31290479,2020-10-16 12:37:25.907184
https://pantip.com/topic/31358883,2020-10-16 12:37:25.907184
https://pantip.com/topic/31180714,2020-10-16 12:37:25.907184
https://pantip.com/topic/31151379,2020-10-16 12:37:25.907184
https://pantip.com/topic/31259534,2020-10-16 12:37:25.907184
https://pantip.com/topic/31206823,2020-10-16 12:37:25.907184
https://pantip.com/topic/31112200,2020-10-16 12:37:25.907184
https://pantip.com/topic/31221367,2020-10-16 12:37:25.907184
https://pantip.com/topic/31176597,2020-10-16 12:37:25.907184
https://pantip.com/topic/31134365,2020-10-16 12:37:25.907184
https://pantip.com/topic/31032562,2020-10-16 12:37:25.907184
https://pantip.com/topic/31154515,2020-10-16 12:37:25.907184
https://pantip.com/topic/31198026,2020-10-16 12:37:25.907184
https://pantip.com/topic/31153357,2020-10-16 12:37:25.907184
https://pantip.com/topic/31236998,2020-10-16 12:37:25.907184
https://pantip.com/topic/31088320,2020-10-16 12:37:25.907184
https://pantip.com/topic/31264528,2020-10-16 12:37:25.907184
https://pantip.com/topic/31156946,2020-10-16 12:37:25.907184
https://pantip.com/topic/31231015,2020-10-16 12:37:25.907184
https://pantip.com/topic/31113277,2020-10-16 12:37:25.907184
https://pantip.com/topic/31134205,2020-10-16 12:37:25.907184
https://pantip.com/topic/31206232,2020-10-16 12:37:25.907184
https://pantip.com/topic/31151657,2020-10-16 12:37:25.907184
https://pantip.com/topic/31297176,2020-10-16 12:37:25.907184
https://pantip.com/topic/31116119,2020-10-16 12:37:25.907184
https://pantip.com/topic/31126704,2020-10-16 12:37:25.907184
https://pantip.com/topic/31193627,2020-10-16 12:37:25.907184
https://pantip.com/topic/31059386,2020-10-16 12:37:25.907184
https://pantip.com/topic/31023135,2020-10-16 12:37:25.907184
https://pantip.com/topic/31052410,2020-10-16 12:37:25.907184
https://pantip.com/topic/31041870,2020-10-16 12:37:25.907184
https://pantip.com/topic/31027979,2020-10-16 12:37:25.907184
https://pantip.com/topic/31067619,2020-10-16 12:37:25.907184
https://pantip.com/topic/31014615,2020-10-16 12:37:25.907184
https://pantip.com/topic/31143160,2020-10-16 12:37:25.907184
https://pantip.com/topic/31059593,2020-10-16 12:37:25.907184
https://pantip.com/topic/31025865,2020-10-16 12:37:25.907184
https://pantip.com/topic/31079274,2020-10-16 12:37:25.907184
https://pantip.com/topic/31132595,2020-10-16 12:37:25.907184
https://pantip.com/topic/31124656,2020-10-16 12:37:25.907184
https://pantip.com/topic/30980430,2020-10-16 12:37:25.907184
https://pantip.com/topic/31116050,2020-10-16 12:37:25.907184
https://pantip.com/topic/31112912,2020-10-16 12:37:25.907184
https://pantip.com/topic/31102743,2020-10-16 12:37:25.907184
https://pantip.com/topic/31013838,2020-10-16 12:37:25.907184
https://pantip.com/topic/30945813,2020-10-16 12:37:25.907184
https://pantip.com/topic/30851672,2020-10-16 12:37:25.907184
https://pantip.com/topic/31072011,2020-10-16 12:37:25.907184
https://pantip.com/topic/31025439,2020-10-16 12:37:25.907184
https://pantip.com/topic/30846931,2020-10-16 12:37:25.907184
https://pantip.com/topic/31067978,2020-10-16 12:37:25.907184
https://pantip.com/topic/31023463,2020-10-16 12:37:25.907184
https://pantip.com/topic/30960225,2020-10-16 12:37:25.907184
https://pantip.com/topic/31088905,2020-10-16 12:37:25.907184
https://pantip.com/topic/31059582,2020-10-16 12:37:25.907184
https://pantip.com/topic/31064089,2020-10-16 12:37:25.907184
https://pantip.com/topic/30962655,2020-10-16 12:37:25.907184
https://pantip.com/topic/31050458,2020-10-16 12:37:25.907184
https://pantip.com/topic/30976017,2020-10-16 12:37:25.907184
https://pantip.com/topic/31055030,2020-10-16 12:37:25.907184
https://pantip.com/topic/30901964,2020-10-16 12:37:25.907184
https://pantip.com/topic/30999536,2020-10-16 12:37:25.907184
https://pantip.com/topic/30955765,2020-10-16 12:37:25.907184
https://pantip.com/topic/30933186,2020-10-16 12:37:25.907184
https://pantip.com/topic/30966125,2020-10-16 12:37:25.907184
https://pantip.com/topic/30939577,2020-10-16 12:37:25.907184
https://pantip.com/topic/31015562,2020-10-16 12:37:25.907184
https://pantip.com/topic/31046797,2020-10-16 12:37:25.907184
https://pantip.com/topic/31020916,2020-10-16 12:37:25.907184
https://pantip.com/topic/30919748,2020-10-16 12:37:25.907184
https://pantip.com/topic/30798667,2020-10-16 12:37:25.907184
https://pantip.com/topic/30918504,2020-10-16 12:37:25.907184
https://pantip.com/topic/30844893,2020-10-16 12:37:25.907184
https://pantip.com/topic/30916225,2020-10-16 12:37:25.907184
https://pantip.com/topic/30809918,2020-10-16 12:37:25.907184
https://pantip.com/topic/31063308,2020-10-16 12:37:25.907184
https://pantip.com/topic/30765106,2020-10-16 12:37:25.907184
https://pantip.com/topic/30891578,2020-10-16 12:37:25.907184
https://pantip.com/topic/30843464,2020-10-16 12:37:25.907184
https://pantip.com/topic/30982297,2020-10-16 12:37:25.907184
https://pantip.com/topic/30794433,2020-10-16 12:37:25.907184
https://pantip.com/topic/31106485,2020-10-16 12:37:25.907184
https://pantip.com/topic/30985115,2020-10-16 12:37:25.907184
https://pantip.com/topic/30984547,2020-10-16 12:37:25.907184
https://pantip.com/topic/30991162,2020-10-16 12:37:25.907184
https://pantip.com/topic/30795512,2020-10-16 12:37:25.907184
https://pantip.com/topic/30950385,2020-10-16 12:37:25.907184
https://pantip.com/topic/30919162,2020-10-16 12:37:25.907184
https://pantip.com/topic/30660889,2020-10-16 12:37:25.907184
https://pantip.com/topic/30922954,2020-10-16 12:37:25.907184
https://pantip.com/topic/30910132,2020-10-16 12:37:25.907184
https://pantip.com/topic/30950467,2020-10-16 12:37:25.907184
https://pantip.com/topic/30900549,2020-10-16 12:37:25.907184
https://pantip.com/topic/30931179,2020-10-16 12:37:25.907184
https://pantip.com/topic/30865937,2020-10-16 12:37:25.907184
https://pantip.com/topic/30833944,2020-10-16 12:37:25.907184
https://pantip.com/topic/30794224,2020-10-16 12:37:25.907184
https://pantip.com/topic/30856003,2020-10-16 12:37:25.907184
https://pantip.com/topic/30757969,2020-10-16 12:37:25.907184
https://pantip.com/topic/30994017,2020-10-16 12:37:25.907184
https://pantip.com/topic/30842812,2020-10-16 12:37:25.907184
https://pantip.com/topic/30905090,2020-10-16 12:37:25.907184
https://pantip.com/topic/30932277,2020-10-16 12:37:25.907184
https://pantip.com/topic/30896901,2020-10-16 12:37:25.907184
https://pantip.com/topic/30712132,2020-10-16 12:37:25.907184
https://pantip.com/topic/30712144,2020-10-16 12:37:25.907184
https://pantip.com/topic/30937137,2020-10-16 12:37:25.907184
https://pantip.com/topic/30817055,2020-10-16 12:37:25.907184
https://pantip.com/topic/30964228,2020-10-16 12:37:25.907184
https://pantip.com/topic/30860643,2020-10-16 12:37:25.907184
https://pantip.com/topic/30811680,2020-10-16 12:37:25.907184
https://pantip.com/topic/30743701,2020-10-16 12:37:25.907184
https://pantip.com/topic/30845717,2020-10-16 12:37:25.907184
https://pantip.com/topic/30897024,2020-10-16 12:37:25.907184
https://pantip.com/topic/30860670,2020-10-16 12:37:25.907184
https://pantip.com/topic/30879667,2020-10-16 12:37:25.907184
https://pantip.com/topic/30860728,2020-10-16 12:37:25.907184
https://pantip.com/topic/30877123,2020-10-16 12:37:25.907184
https://pantip.com/topic/30725411,2020-10-16 12:37:25.907184
https://pantip.com/topic/30870500,2020-10-16 12:37:25.907184
https://pantip.com/topic/30686289,2020-10-16 12:37:25.907184
https://pantip.com/topic/30522454,2020-10-16 12:37:25.907184
https://pantip.com/topic/30848630,2020-10-16 12:37:25.907184
https://pantip.com/topic/30783439,2020-10-16 12:37:25.907184
https://pantip.com/topic/30752305,2020-10-16 12:37:25.907184
https://pantip.com/topic/30638810,2020-10-16 12:37:25.907184
https://pantip.com/topic/30828494,2020-10-16 12:37:25.907184
https://pantip.com/topic/30768012,2020-10-16 12:37:25.907184
https://pantip.com/topic/30791212,2020-10-16 12:37:25.907184
https://pantip.com/topic/30839799,2020-10-16 12:37:25.907184
https://pantip.com/topic/30855311,2020-10-16 12:37:25.907184
https://pantip.com/topic/30647887,2020-10-16 12:37:25.907184
https://pantip.com/topic/30771652,2020-10-16 12:37:25.907184
https://pantip.com/topic/30791608,2020-10-16 12:37:25.907184
https://pantip.com/topic/30769672,2020-10-16 12:37:25.907184
https://pantip.com/topic/30731021,2020-10-16 12:37:25.907184
https://pantip.com/topic/30677564,2020-10-16 12:37:25.907184
https://pantip.com/topic/30815925,2020-10-16 12:37:25.907184
https://pantip.com/topic/30852839,2020-10-16 12:37:25.907184
https://pantip.com/topic/30787581,2020-10-16 12:37:25.907184
https://pantip.com/topic/30745991,2020-10-16 12:37:25.907184
https://pantip.com/topic/30729863,2020-10-16 12:37:25.907184
https://pantip.com/topic/30653490,2020-10-16 12:37:25.907184
https://pantip.com/topic/30763964,2020-10-16 12:37:25.907184
